Panoramic Uni,Computers - Software Medium & Small,22
Mindteck,Computers - Software,22
Ramco System,Computers - Software,22
Oracle Fin Serv,Computers - Software,22
Quick Heal Tech,Computers - Software,22
Career Point,Computers - Software - Training,22
Trigyn Tech,Computers - Software Medium & Small,22
Newgen Software,Computers - Software,22
Smartlink Net,Computers - Hardware,22
Mastek,Computers - Software,22
L&T Technology,Computers - Software Medium & Small,22
OnMobile Global,Telecommunications - Service,22
IZMO,Computers - Software Medium & Small,22
ICSA,Computers - Software,22
Dynacons Sys,Computers - Software Medium & Small,22
Palred Tech,Computers - Software Medium & Small,22
AXISCADES Engg,Computers - Software Medium & Small,22
Redington,Computers - Hardware,22
Educomp Sol,Computers - Software - Training,22
Tera Software,Computers - Software Medium & Small,22
Sonata,Computers - Software Medium & Small,22
Wipro,Computers - Software,22
Lycos Internet,Computers - Software Medium & Small,22
NIIT,Computers - Software - Training,22
Megasoft,Computers - Software Medium & Small,22
Tanla Solutions,Computers - Software Medium & Small,22
Tech Mahindra,Computers - Software,22
Mindtree,Computers - Software,22
Infosys,Computers - Software,22
Zen Tech,Computers - Software Medium & Small,22
KPIT Tech,Computers - Software Medium & Small,22
Sasken Tech,Computers - Software,22
Cigniti Tech,Computers - Software Medium & Small,22
aurionPro Sol,Computers - Software Medium & Small,22
Hinduja Global,Computers - Software,22
3i Infotech,Computers - Software,22
MRO-TEK,Computers - Hardware,22
Kernex Micro,Computers - Software Medium & Small,22
California Soft,Computers - Software Medium & Small,22
Usha Martin Edu,Computers - Software Medium & Small,22
